id	label	model
879187	None	xlm-roberta-large
316919	Organization	xlm-roberta-large
916242	None	xlm-roberta-large
786824	None	xlm-roberta-large
47284	None	xlm-roberta-large
51359	Individual	xlm-roberta-large
327639	None	xlm-roberta-large
925152	Community	xlm-roberta-large
432602	None	xlm-roberta-large
540917	Organization	xlm-roberta-large
259015	None	xlm-roberta-large
119485	None	xlm-roberta-large
629565	None	xlm-roberta-large
223268	Individual	xlm-roberta-large
91157	Organization	xlm-roberta-large
123076	Community	xlm-roberta-large
301408	None	xlm-roberta-large
153221	None	xlm-roberta-large
713730	None	xlm-roberta-large
104093	Organization	xlm-roberta-large
284969	Individual	xlm-roberta-large
154146	None	xlm-roberta-large
903474	None	xlm-roberta-large
310847	Community	xlm-roberta-large
618320	None	xlm-roberta-large
219771	None	xlm-roberta-large
137796	None	xlm-roberta-large
557214	Organization	xlm-roberta-large
639414	None	xlm-roberta-large
499556	Organization	xlm-roberta-large
874903	None	xlm-roberta-large
242561	None	xlm-roberta-large
170696	None	xlm-roberta-large
400293	Organization	xlm-roberta-large
345498	None	xlm-roberta-large
682342	None	xlm-roberta-large
103754	Individual	xlm-roberta-large
763773	None	xlm-roberta-large
366364	None	xlm-roberta-large
748942	None	xlm-roberta-large
108952	None	xlm-roberta-large
852650	Individual	xlm-roberta-large
638113	Society	xlm-roberta-large
788538	Society	xlm-roberta-large
677410	None	xlm-roberta-large
194546	Individual	xlm-roberta-large
645529	Individual	xlm-roberta-large
924142	None	xlm-roberta-large
69380	Individual	xlm-roberta-large
748478	None	xlm-roberta-large
645018	None	xlm-roberta-large
295794	None	xlm-roberta-large
63426	Community	xlm-roberta-large
63116	Organization	xlm-roberta-large
551400	None	xlm-roberta-large
835607	Organization	xlm-roberta-large
103869	None	xlm-roberta-large
562502	None	xlm-roberta-large
472928	None	xlm-roberta-large
319508	None	xlm-roberta-large
545961	None	xlm-roberta-large
698843	None	xlm-roberta-large
590762	None	xlm-roberta-large
878482	None	xlm-roberta-large
451314	Community	xlm-roberta-large
88129	Organization	xlm-roberta-large
189525	Community	xlm-roberta-large
379097	Organization	xlm-roberta-large
864667	None	xlm-roberta-large
780940	None	xlm-roberta-large
577465	Individual	xlm-roberta-large
201744	None	xlm-roberta-large
5641	Individual	xlm-roberta-large
110529	Organization	xlm-roberta-large
732060	None	xlm-roberta-large
899521	None	xlm-roberta-large
217414	Community	xlm-roberta-large
364331	Organization	xlm-roberta-large
220584	None	xlm-roberta-large
521448	None	xlm-roberta-large
235213	Community	xlm-roberta-large
288321	None	xlm-roberta-large
444659	None	xlm-roberta-large
288470	Organization	xlm-roberta-large
602580	Individual	xlm-roberta-large
505064	None	xlm-roberta-large
220958	None	xlm-roberta-large
208873	None	xlm-roberta-large
905717	Individual	xlm-roberta-large
753381	None	xlm-roberta-large
189967	Community	xlm-roberta-large
55334	Individual	xlm-roberta-large
585271	Society	xlm-roberta-large
284428	Organization	xlm-roberta-large
333828	None	xlm-roberta-large
268077	Organization	xlm-roberta-large
791784	Society	xlm-roberta-large
29385	None	xlm-roberta-large
721154	None	xlm-roberta-large
53445	None	xlm-roberta-large
849367	Individual	xlm-roberta-large
776247	None	xlm-roberta-large
194347	Individual	xlm-roberta-large
875084	None	xlm-roberta-large
429185	None	xlm-roberta-large
869559	None	xlm-roberta-large
551711	None	xlm-roberta-large
459530	None	xlm-roberta-large
371844	Community	xlm-roberta-large
678759	None	xlm-roberta-large
928871	None	xlm-roberta-large
938337	None	xlm-roberta-large
486005	Individual	xlm-roberta-large
739268	None	xlm-roberta-large
256855	None	xlm-roberta-large
57158	Individual	xlm-roberta-large
492274	Community	xlm-roberta-large
177187	None	xlm-roberta-large
323380	Individual	xlm-roberta-large
736173	Organization	xlm-roberta-large
655076	None	xlm-roberta-large
636680	Organization	xlm-roberta-large
319075	None	xlm-roberta-large
183674	Organization	xlm-roberta-large
556548	None	xlm-roberta-large
268230	Organization	xlm-roberta-large
732875	None	xlm-roberta-large
212780	Organization	xlm-roberta-large
915594	None	xlm-roberta-large
187124	Organization	xlm-roberta-large
376637	Society	xlm-roberta-large
237536	None	xlm-roberta-large
727320	Society	xlm-roberta-large
62305	None	xlm-roberta-large
518275	None	xlm-roberta-large
190205	None	xlm-roberta-large
682947	None	xlm-roberta-large
843536	None	xlm-roberta-large
298286	Organization	xlm-roberta-large
260368	Organization	xlm-roberta-large
109120	None	xlm-roberta-large
732085	None	xlm-roberta-large
587177	Individual	xlm-roberta-large
219166	Individual	xlm-roberta-large
712397	None	xlm-roberta-large
744608	None	xlm-roberta-large
839392	None	xlm-roberta-large
567799	None	xlm-roberta-large
357344	Organization	xlm-roberta-large
646789	Organization	xlm-roberta-large
144730	None	xlm-roberta-large
606121	None	xlm-roberta-large
663589	None	xlm-roberta-large
175058	Community	xlm-roberta-large
602882	Organization	xlm-roberta-large
865744	None	xlm-roberta-large
15148	None	xlm-roberta-large
714172	Community	xlm-roberta-large
919656	Individual	xlm-roberta-large
641435	None	xlm-roberta-large
542675	Organization	xlm-roberta-large
97962	Individual	xlm-roberta-large
35543	None	xlm-roberta-large
249438	None	xlm-roberta-large
45817	Individual	xlm-roberta-large
846205	Individual	xlm-roberta-large
684720	None	xlm-roberta-large
659930	Organization	xlm-roberta-large
446120	None	xlm-roberta-large
315323	None	xlm-roberta-large
533231	Individual	xlm-roberta-large
103313	None	xlm-roberta-large
484049	None	xlm-roberta-large
258145	Organization	xlm-roberta-large
255461	Individual	xlm-roberta-large
582412	Individual	xlm-roberta-large
541719	Community	xlm-roberta-large
400986	None	xlm-roberta-large
547162	Individual	xlm-roberta-large
444235	Society	xlm-roberta-large
349790	Community	xlm-roberta-large
1698	None	xlm-roberta-large
733055	None	xlm-roberta-large
358186	None	xlm-roberta-large
272026	Individual	xlm-roberta-large
843498	None	xlm-roberta-large
903157	None	xlm-roberta-large
869323	None	xlm-roberta-large
314731	Individual	xlm-roberta-large
923983	Community	xlm-roberta-large
467220	None	xlm-roberta-large
203763	Individual	xlm-roberta-large
254343	Community	xlm-roberta-large
753995	None	xlm-roberta-large
577269	None	xlm-roberta-large
140440	None	xlm-roberta-large
327128	None	xlm-roberta-large
742109	None	xlm-roberta-large
339941	None	xlm-roberta-large
648055	None	xlm-roberta-large
271686	None	xlm-roberta-large
167523	Community	xlm-roberta-large
565237	Individual	xlm-roberta-large
326583	Individual	xlm-roberta-large
521049	None	xlm-roberta-large
635150	None	xlm-roberta-large
667038	None	xlm-roberta-large
533234	None	xlm-roberta-large
49935	Society	xlm-roberta-large
132749	None	xlm-roberta-large
526931	None	xlm-roberta-large
120887	None	xlm-roberta-large
148965	None	xlm-roberta-large
785355	Society	xlm-roberta-large
904080	None	xlm-roberta-large
242296	Community	xlm-roberta-large
505804	None	xlm-roberta-large
28164	None	xlm-roberta-large
287563	Organization	xlm-roberta-large
866300	None	xlm-roberta-large
846915	None	xlm-roberta-large
363471	None	xlm-roberta-large
376108	Society	xlm-roberta-large
725247	Society	xlm-roberta-large
917058	Individual	xlm-roberta-large
936170	None	xlm-roberta-large
632147	None	xlm-roberta-large
71795	Organization	xlm-roberta-large
886268	Organization	xlm-roberta-large
22299	None	xlm-roberta-large
727182	None	xlm-roberta-large
565081	None	xlm-roberta-large
599305	None	xlm-roberta-large
443980	None	xlm-roberta-large
765765	None	xlm-roberta-large
473418	None	xlm-roberta-large
544646	None	xlm-roberta-large
351344	None	xlm-roberta-large
697214	None	xlm-roberta-large
371187	None	xlm-roberta-large
121250	Organization	xlm-roberta-large
20874	None	xlm-roberta-large
850266	None	xlm-roberta-large
439950	Individual	xlm-roberta-large
427668	None	xlm-roberta-large
60444	None	xlm-roberta-large
659301	None	xlm-roberta-large
592983	None	xlm-roberta-large
827694	Community	xlm-roberta-large
566134	Organization	xlm-roberta-large
355167	None	xlm-roberta-large
350908	None	xlm-roberta-large
332323	None	xlm-roberta-large
454987	Organization	xlm-roberta-large
170966	None	xlm-roberta-large
56299	Individual	xlm-roberta-large
53232	None	xlm-roberta-large
649211	None	xlm-roberta-large
390308	None	xlm-roberta-large
488779	None	xlm-roberta-large
215984	Organization	xlm-roberta-large
628026	None	xlm-roberta-large
368087	None	xlm-roberta-large
875776	Community	xlm-roberta-large
831832	Organization	xlm-roberta-large
569593	Organization	xlm-roberta-large
469197	None	xlm-roberta-large
390574	None	xlm-roberta-large
436078	None	xlm-roberta-large
72621	Organization	xlm-roberta-large
265323	None	xlm-roberta-large
476101	Community	xlm-roberta-large
104541	Organization	xlm-roberta-large
446025	Society	xlm-roberta-large
731432	Community	xlm-roberta-large
162796	None	xlm-roberta-large
120013	None	xlm-roberta-large
836767	None	xlm-roberta-large
843079	Society	xlm-roberta-large
97007	None	xlm-roberta-large
328435	Individual	xlm-roberta-large
779718	Community	xlm-roberta-large
419606	None	xlm-roberta-large
920869	Organization	xlm-roberta-large
664800	Organization	xlm-roberta-large
98071	None	xlm-roberta-large
842810	Community	xlm-roberta-large
19398	None	xlm-roberta-large
564701	None	xlm-roberta-large
573270	None	xlm-roberta-large
593127	Society	xlm-roberta-large
102435	None	xlm-roberta-large
256050	None	xlm-roberta-large
81593	None	xlm-roberta-large
632323	None	xlm-roberta-large
825656	None	xlm-roberta-large
566899	None	xlm-roberta-large
510731	None	xlm-roberta-large
384979	None	xlm-roberta-large
144849	None	xlm-roberta-large
79787	Individual	xlm-roberta-large
910730	None	xlm-roberta-large
363532	None	xlm-roberta-large
620917	None	xlm-roberta-large
600432	None	xlm-roberta-large
581971	None	xlm-roberta-large
685765	Organization	xlm-roberta-large
706846	None	xlm-roberta-large
266829	Individual	xlm-roberta-large
557555	None	xlm-roberta-large
496625	None	xlm-roberta-large
178872	None	xlm-roberta-large
711143	None	xlm-roberta-large
332460	None	xlm-roberta-large
29919	Individual	xlm-roberta-large
655611	None	xlm-roberta-large
669537	None	xlm-roberta-large
208251	Community	xlm-roberta-large
866998	Society	xlm-roberta-large
143177	Individual	xlm-roberta-large
769023	None	xlm-roberta-large
396646	Community	xlm-roberta-large
225407	Individual	xlm-roberta-large
359767	None	xlm-roberta-large
123345	Organization	xlm-roberta-large
283543	Individual	xlm-roberta-large
542107	None	xlm-roberta-large
152502	None	xlm-roberta-large
146539	None	xlm-roberta-large
357373	None	xlm-roberta-large
25777	None	xlm-roberta-large
746972	None	xlm-roberta-large
270762	Organization	xlm-roberta-large
558844	None	xlm-roberta-large
740225	None	xlm-roberta-large
886666	None	xlm-roberta-large
606932	None	xlm-roberta-large
209217	None	xlm-roberta-large
777488	None	xlm-roberta-large
130669	None	xlm-roberta-large
762285	Society	xlm-roberta-large
685431	None	xlm-roberta-large
771815	None	xlm-roberta-large
252415	Individual	xlm-roberta-large
687596	None	xlm-roberta-large
242766	None	xlm-roberta-large
447554	None	xlm-roberta-large
427243	Community	xlm-roberta-large
140278	None	xlm-roberta-large
401449	None	xlm-roberta-large
765938	Society	xlm-roberta-large
133168	None	xlm-roberta-large
306158	None	xlm-roberta-large
637422	Community	xlm-roberta-large
663885	None	xlm-roberta-large
291989	Society	xlm-roberta-large
298326	None	xlm-roberta-large
799266	None	xlm-roberta-large
779258	None	xlm-roberta-large
546084	None	xlm-roberta-large
781242	Individual	xlm-roberta-large
602262	None	xlm-roberta-large
773036	None	xlm-roberta-large
377308	None	xlm-roberta-large
142631	Organization	xlm-roberta-large
895459	None	xlm-roberta-large
787010	None	xlm-roberta-large
645662	None	xlm-roberta-large
45403	None	xlm-roberta-large
267853	None	xlm-roberta-large
917758	None	xlm-roberta-large
426332	None	xlm-roberta-large
422595	None	xlm-roberta-large
691331	None	xlm-roberta-large
610080	None	xlm-roberta-large
501233	None	xlm-roberta-large
131294	None	xlm-roberta-large
815428	None	xlm-roberta-large
195149	Organization	xlm-roberta-large
207721	Individual	xlm-roberta-large
416773	Individual	xlm-roberta-large
313335	Individual	xlm-roberta-large
329274	None	xlm-roberta-large
508798	Individual	xlm-roberta-large
868978	None	xlm-roberta-large
310124	None	xlm-roberta-large
785154	None	xlm-roberta-large
535201	None	xlm-roberta-large
626322	None	xlm-roberta-large
890167	Individual	xlm-roberta-large
184776	Individual	xlm-roberta-large
390461	Society	xlm-roberta-large
503090	Community	xlm-roberta-large
461035	Community	xlm-roberta-large
619709	None	xlm-roberta-large
890283	Organization	xlm-roberta-large
132888	None	xlm-roberta-large
17079	Society	xlm-roberta-large
218300	None	xlm-roberta-large
345231	None	xlm-roberta-large
285893	None	xlm-roberta-large
632928	None	xlm-roberta-large
479465	None	xlm-roberta-large
2602	Society	xlm-roberta-large
85641	None	xlm-roberta-large
682701	None	xlm-roberta-large
436258	None	xlm-roberta-large
114639	None	xlm-roberta-large
674071	None	xlm-roberta-large
244282	None	xlm-roberta-large
318350	None	xlm-roberta-large
553375	Society	xlm-roberta-large
135830	Individual	xlm-roberta-large
260169	Individual	xlm-roberta-large
553667	None	xlm-roberta-large
183040	Individual	xlm-roberta-large
680751	None	xlm-roberta-large
274955	Organization	xlm-roberta-large
370027	None	xlm-roberta-large
121905	Individual	xlm-roberta-large
440653	None	xlm-roberta-large
732217	Society	xlm-roberta-large
618508	Organization	xlm-roberta-large
90671	None	xlm-roberta-large
322046	None	xlm-roberta-large
843688	Individual	xlm-roberta-large
645379	Individual	xlm-roberta-large
228279	Organization	xlm-roberta-large
26128	Society	xlm-roberta-large
95316	Organization	xlm-roberta-large
161304	None	xlm-roberta-large
770118	Society	xlm-roberta-large
219678	Organization	xlm-roberta-large
783494	None	xlm-roberta-large
422409	None	xlm-roberta-large
38646	None	xlm-roberta-large
231486	Individual	xlm-roberta-large
443053	None	xlm-roberta-large
97738	Organization	xlm-roberta-large
493860	None	xlm-roberta-large
67696	Organization	xlm-roberta-large
547919	None	xlm-roberta-large
339308	None	xlm-roberta-large
43011	None	xlm-roberta-large
795119	None	xlm-roberta-large
292726	Society	xlm-roberta-large
180440	None	xlm-roberta-large
198740	Individual	xlm-roberta-large
773993	None	xlm-roberta-large
190166	Individual	xlm-roberta-large
201671	Individual	xlm-roberta-large
857416	Individual	xlm-roberta-large
926290	None	xlm-roberta-large
19835	None	xlm-roberta-large
359775	Community	xlm-roberta-large
625911	None	xlm-roberta-large
324644	None	xlm-roberta-large
561231	Individual	xlm-roberta-large
486277	None	xlm-roberta-large
699555	Community	xlm-roberta-large
796009	None	xlm-roberta-large
442802	None	xlm-roberta-large
345862	None	xlm-roberta-large
577567	Individual	xlm-roberta-large
917536	None	xlm-roberta-large
465219	None	xlm-roberta-large
202537	None	xlm-roberta-large
810678	Organization	xlm-roberta-large
471847	Organization	xlm-roberta-large
451450	None	xlm-roberta-large
231023	None	xlm-roberta-large
464828	None	xlm-roberta-large
736021	None	xlm-roberta-large
17036	Community	xlm-roberta-large
676426	None	xlm-roberta-large
351306	None	xlm-roberta-large
628567	None	xlm-roberta-large
495615	None	xlm-roberta-large
248858	Organization	xlm-roberta-large
323407	None	xlm-roberta-large
800267	None	xlm-roberta-large
924086	None	xlm-roberta-large
332310	None	xlm-roberta-large
2399	None	xlm-roberta-large
642008	Organization	xlm-roberta-large
579150	None	xlm-roberta-large
532008	Individual	xlm-roberta-large
920515	Community	xlm-roberta-large
928170	None	xlm-roberta-large
115600	None	xlm-roberta-large
160611	None	xlm-roberta-large
57343	Community	xlm-roberta-large
233245	Individual	xlm-roberta-large
160063	Individual	xlm-roberta-large
215216	None	xlm-roberta-large
259716	Organization	xlm-roberta-large
24649	None	xlm-roberta-large
236647	None	xlm-roberta-large
890600	Organization	xlm-roberta-large
818229	None	xlm-roberta-large
181400	Organization	xlm-roberta-large
184128	None	xlm-roberta-large
732571	None	xlm-roberta-large
803103	Individual	xlm-roberta-large
103559	Individual	xlm-roberta-large
104069	Individual	xlm-roberta-large
532685	None	xlm-roberta-large
860196	None	xlm-roberta-large
207034	None	xlm-roberta-large
852222	Individual	xlm-roberta-large
620269	None	xlm-roberta-large
214987	Organization	xlm-roberta-large
390209	Community	xlm-roberta-large
828144	Community	xlm-roberta-large
355435	None	xlm-roberta-large
280909	Individual	xlm-roberta-large
648822	None	xlm-roberta-large
469956	None	xlm-roberta-large
491045	Organization	xlm-roberta-large
853713	None	xlm-roberta-large
759980	None	xlm-roberta-large
569003	Individual	xlm-roberta-large
803693	Society	xlm-roberta-large
481481	None	xlm-roberta-large
853785	Individual	xlm-roberta-large
451339	Individual	xlm-roberta-large
434603	Organization	xlm-roberta-large
776243	Individual	xlm-roberta-large
857738	Individual	xlm-roberta-large
657731	None	xlm-roberta-large
309549	None	xlm-roberta-large
935003	None	xlm-roberta-large
837370	Organization	xlm-roberta-large
832799	Society	xlm-roberta-large
333504	Individual	xlm-roberta-large
455676	None	xlm-roberta-large
686341	None	xlm-roberta-large
833132	Individual	xlm-roberta-large
829417	None	xlm-roberta-large
173721	None	xlm-roberta-large
179807	None	xlm-roberta-large
172129	Community	xlm-roberta-large
309949	Community	xlm-roberta-large
868955	None	xlm-roberta-large
649693	None	xlm-roberta-large
90477	Individual	xlm-roberta-large
150665	None	xlm-roberta-large
539518	None	xlm-roberta-large
6441	None	xlm-roberta-large
316408	Individual	xlm-roberta-large
673952	None	xlm-roberta-large
51761	None	xlm-roberta-large
754177	None	xlm-roberta-large
931338	None	xlm-roberta-large
522610	None	xlm-roberta-large
27947	None	xlm-roberta-large
653841	None	xlm-roberta-large
40916	None	xlm-roberta-large
446133	None	xlm-roberta-large
841967	None	xlm-roberta-large
609657	None	xlm-roberta-large
739084	None	xlm-roberta-large
351764	None	xlm-roberta-large
259184	None	xlm-roberta-large
393117	Community	xlm-roberta-large
328240	None	xlm-roberta-large
468435	Organization	xlm-roberta-large
541450	None	xlm-roberta-large
723785	None	xlm-roberta-large
276566	None	xlm-roberta-large
606464	None	xlm-roberta-large
126449	None	xlm-roberta-large
75097	None	xlm-roberta-large
191972	Individual	xlm-roberta-large
837237	Individual	xlm-roberta-large
400643	Society	xlm-roberta-large
418393	Society	xlm-roberta-large
910685	None	xlm-roberta-large
617275	Individual	xlm-roberta-large
494945	None	xlm-roberta-large
318209	Individual	xlm-roberta-large
696250	None	xlm-roberta-large
360014	None	xlm-roberta-large
578712	Organization	xlm-roberta-large
127383	None	xlm-roberta-large
452100	Individual	xlm-roberta-large
936774	None	xlm-roberta-large
81295	None	xlm-roberta-large
312562	None	xlm-roberta-large
114169	None	xlm-roberta-large
758394	None	xlm-roberta-large
819133	Society	xlm-roberta-large
427526	None	xlm-roberta-large
200459	Individual	xlm-roberta-large
716131	None	xlm-roberta-large
416788	Organization	xlm-roberta-large
444300	Organization	xlm-roberta-large
274190	None	xlm-roberta-large
692604	None	xlm-roberta-large
297287	None	xlm-roberta-large
569220	Individual	xlm-roberta-large
464993	Society	xlm-roberta-large
219503	Organization	xlm-roberta-large
603542	None	xlm-roberta-large
910996	None	xlm-roberta-large
733681	None	xlm-roberta-large
682912	Individual	xlm-roberta-large
79179	Organization	xlm-roberta-large
185878	Individual	xlm-roberta-large
429794	None	xlm-roberta-large
37514	Individual	xlm-roberta-large
677951	Individual	xlm-roberta-large
606638	None	xlm-roberta-large
667790	Organization	xlm-roberta-large
404077	None	xlm-roberta-large
664870	Organization	xlm-roberta-large
82089	Individual	xlm-roberta-large
506355	Organization	xlm-roberta-large
542327	None	xlm-roberta-large
691922	None	xlm-roberta-large
640273	Society	xlm-roberta-large
320130	None	xlm-roberta-large
367958	None	xlm-roberta-large
243866	None	xlm-roberta-large
601147	Society	xlm-roberta-large
641554	None	xlm-roberta-large
454838	None	xlm-roberta-large
327255	Individual	xlm-roberta-large
271180	Individual	xlm-roberta-large
452547	Organization	xlm-roberta-large
627679	None	xlm-roberta-large
651348	None	xlm-roberta-large
328461	Individual	xlm-roberta-large
839448	Organization	xlm-roberta-large
623474	Organization	xlm-roberta-large
610269	None	xlm-roberta-large
323389	Community	xlm-roberta-large
629010	None	xlm-roberta-large
9257	None	xlm-roberta-large
17083	Society	xlm-roberta-large
797040	None	xlm-roberta-large
422453	Individual	xlm-roberta-large
514992	None	xlm-roberta-large
107986	None	xlm-roberta-large
887752	Individual	xlm-roberta-large
452552	Community	xlm-roberta-large
549245	None	xlm-roberta-large
391592	Society	xlm-roberta-large
819745	Society	xlm-roberta-large
881262	None	xlm-roberta-large
77103	Individual	xlm-roberta-large
554417	Community	xlm-roberta-large
556605	None	xlm-roberta-large
145147	None	xlm-roberta-large
693769	None	xlm-roberta-large
330413	None	xlm-roberta-large
181628	Organization	xlm-roberta-large
744235	None	xlm-roberta-large
235157	None	xlm-roberta-large
3945	None	xlm-roberta-large
592566	Individual	xlm-roberta-large
822682	Individual	xlm-roberta-large
398131	None	xlm-roberta-large
815971	None	xlm-roberta-large
6226	Community	xlm-roberta-large
842029	Community	xlm-roberta-large
230916	None	xlm-roberta-large
358091	None	xlm-roberta-large
118655	None	xlm-roberta-large
81123	None	xlm-roberta-large
424563	Individual	xlm-roberta-large
355947	None	xlm-roberta-large
539022	None	xlm-roberta-large
876492	None	xlm-roberta-large
532223	Individual	xlm-roberta-large
267304	Society	xlm-roberta-large
361656	None	xlm-roberta-large
175343	Community	xlm-roberta-large
499169	Individual	xlm-roberta-large
425601	None	xlm-roberta-large
336568	Individual	xlm-roberta-large
244155	None	xlm-roberta-large
25339	None	xlm-roberta-large
843785	Individual	xlm-roberta-large
816856	None	xlm-roberta-large
466827	Individual	xlm-roberta-large
30825	None	xlm-roberta-large
914046	None	xlm-roberta-large
305092	None	xlm-roberta-large
731052	None	xlm-roberta-large
331086	None	xlm-roberta-large
80707	None	xlm-roberta-large
700511	Community	xlm-roberta-large
759244	Society	xlm-roberta-large
273391	Individual	xlm-roberta-large
157560	Community	xlm-roberta-large
666349	None	xlm-roberta-large
118868	Individual	xlm-roberta-large
919196	None	xlm-roberta-large
193304	Organization	xlm-roberta-large
125720	None	xlm-roberta-large
512574	None	xlm-roberta-large
938099	None	xlm-roberta-large
714519	None	xlm-roberta-large
743493	None	xlm-roberta-large
491880	None	xlm-roberta-large
840307	None	xlm-roberta-large
334019	None	xlm-roberta-large
576203	Community	xlm-roberta-large
762331	None	xlm-roberta-large
421390	Community	xlm-roberta-large
828741	Community	xlm-roberta-large
357634	None	xlm-roberta-large
678272	None	xlm-roberta-large
330446	Individual	xlm-roberta-large
566240	None	xlm-roberta-large
829440	None	xlm-roberta-large
838151	None	xlm-roberta-large
358884	None	xlm-roberta-large
397727	None	xlm-roberta-large
171669	Organization	xlm-roberta-large
288289	None	xlm-roberta-large
187431	None	xlm-roberta-large
512049	None	xlm-roberta-large
335567	Individual	xlm-roberta-large
383736	None	xlm-roberta-large
535883	None	xlm-roberta-large
392091	None	xlm-roberta-large
454762	Organization	xlm-roberta-large
614159	None	xlm-roberta-large
562152	None	xlm-roberta-large
483412	Individual	xlm-roberta-large
537925	Individual	xlm-roberta-large
834167	None	xlm-roberta-large
875193	None	xlm-roberta-large
456722	None	xlm-roberta-large
516282	None	xlm-roberta-large
257527	None	xlm-roberta-large
148896	None	xlm-roberta-large
760507	None	xlm-roberta-large
922414	Individual	xlm-roberta-large
638043	Organization	xlm-roberta-large
173467	None	xlm-roberta-large
195178	Organization	xlm-roberta-large
147724	Individual	xlm-roberta-large
194025	Individual	xlm-roberta-large
624059	None	xlm-roberta-large
107088	None	xlm-roberta-large
43696	None	xlm-roberta-large
527548	None	xlm-roberta-large
43059	None	xlm-roberta-large
194552	Organization	xlm-roberta-large
895821	None	xlm-roberta-large
91	None	xlm-roberta-large
431755	None	xlm-roberta-large
563191	None	xlm-roberta-large
679996	Individual	xlm-roberta-large
738155	Individual	xlm-roberta-large
463056	None	xlm-roberta-large
533553	None	xlm-roberta-large
908606	None	xlm-roberta-large
459309	None	xlm-roberta-large
630443	Individual	xlm-roberta-large
347222	None	xlm-roberta-large
675724	None	xlm-roberta-large
83975	Organization	xlm-roberta-large
296851	None	xlm-roberta-large
535172	None	xlm-roberta-large
75581	Individual	xlm-roberta-large
461746	Community	xlm-roberta-large
874016	None	xlm-roberta-large
20045	Organization	xlm-roberta-large
253489	Community	xlm-roberta-large
553524	None	xlm-roberta-large
57367	Individual	xlm-roberta-large
167339	None	xlm-roberta-large
594894	Individual	xlm-roberta-large
452023	Society	xlm-roberta-large
795964	None	xlm-roberta-large
765992	None	xlm-roberta-large
508875	Individual	xlm-roberta-large
122727	None	xlm-roberta-large
11814	None	xlm-roberta-large
544426	Community	xlm-roberta-large
725077	None	xlm-roberta-large
225212	None	xlm-roberta-large
779008	None	xlm-roberta-large
122184	None	xlm-roberta-large
584554	None	xlm-roberta-large
172329	None	xlm-roberta-large
167317	None	xlm-roberta-large
685147	None	xlm-roberta-large
294261	None	xlm-roberta-large
192130	None	xlm-roberta-large
425529	None	xlm-roberta-large
788604	None	xlm-roberta-large
501111	None	xlm-roberta-large
139510	Organization	xlm-roberta-large
43771	Community	xlm-roberta-large
144519	Community	xlm-roberta-large
915772	None	xlm-roberta-large
411616	Organization	xlm-roberta-large
475013	None	xlm-roberta-large
809205	None	xlm-roberta-large
541359	None	xlm-roberta-large
845267	None	xlm-roberta-large
113755	None	xlm-roberta-large
568511	None	xlm-roberta-large
59618	Individual	xlm-roberta-large
803177	None	xlm-roberta-large
858819	None	xlm-roberta-large
438940	Society	xlm-roberta-large
570407	Individual	xlm-roberta-large
129788	None	xlm-roberta-large
840086	None	xlm-roberta-large
637172	Individual	xlm-roberta-large
821993	Society	xlm-roberta-large
325856	Community	xlm-roberta-large
359155	None	xlm-roberta-large
899842	None	xlm-roberta-large
660308	None	xlm-roberta-large
861989	Organization	xlm-roberta-large
605443	Individual	xlm-roberta-large
27739	None	xlm-roberta-large
580148	Organization	xlm-roberta-large
528215	None	xlm-roberta-large
528712	None	xlm-roberta-large
100208	Individual	xlm-roberta-large
350796	None	xlm-roberta-large
307708	Individual	xlm-roberta-large
162719	None	xlm-roberta-large
121889	None	xlm-roberta-large
612317	None	xlm-roberta-large
223760	Organization	xlm-roberta-large
405579	None	xlm-roberta-large
618511	None	xlm-roberta-large
175761	None	xlm-roberta-large
748125	None	xlm-roberta-large
156891	Individual	xlm-roberta-large
592641	None	xlm-roberta-large
726885	None	xlm-roberta-large
4254	Organization	xlm-roberta-large
682514	None	xlm-roberta-large
264638	Individual	xlm-roberta-large
534602	Individual	xlm-roberta-large
57614	Individual	xlm-roberta-large
599800	Individual	xlm-roberta-large
732787	Community	xlm-roberta-large
212119	None	xlm-roberta-large
860927	None	xlm-roberta-large
590074	Organization	xlm-roberta-large
690276	None	xlm-roberta-large
787556	None	xlm-roberta-large
820252	None	xlm-roberta-large
559717	None	xlm-roberta-large
870003	Organization	xlm-roberta-large
144906	None	xlm-roberta-large
133089	None	xlm-roberta-large
591997	None	xlm-roberta-large
395816	None	xlm-roberta-large
844477	Individual	xlm-roberta-large
178300	None	xlm-roberta-large
148894	None	xlm-roberta-large
850484	None	xlm-roberta-large
860027	None	xlm-roberta-large
247862	Individual	xlm-roberta-large
312983	Individual	xlm-roberta-large
122427	Individual	xlm-roberta-large
83755	None	xlm-roberta-large
195967	Organization	xlm-roberta-large
494458	None	xlm-roberta-large
9228	None	xlm-roberta-large
684602	None	xlm-roberta-large
927791	None	xlm-roberta-large
615666	Individual	xlm-roberta-large
599050	Society	xlm-roberta-large
455023	None	xlm-roberta-large
819948	None	xlm-roberta-large
749193	None	xlm-roberta-large
623630	Individual	xlm-roberta-large
320310	None	xlm-roberta-large
532308	None	xlm-roberta-large
79033	Community	xlm-roberta-large
689620	None	xlm-roberta-large
503545	None	xlm-roberta-large
880433	None	xlm-roberta-large
566043	None	xlm-roberta-large
146502	Organization	xlm-roberta-large
659400	None	xlm-roberta-large
134693	None	xlm-roberta-large
147313	None	xlm-roberta-large
793773	Society	xlm-roberta-large
269220	Individual	xlm-roberta-large
284822	None	xlm-roberta-large
722881	Individual	xlm-roberta-large
33435	Organization	xlm-roberta-large
626585	None	xlm-roberta-large
795133	None	xlm-roberta-large
342079	None	xlm-roberta-large
62264	None	xlm-roberta-large
350128	Individual	xlm-roberta-large
586407	None	xlm-roberta-large
116562	None	xlm-roberta-large
132059	None	xlm-roberta-large
29850	None	xlm-roberta-large
334210	None	xlm-roberta-large
807912	Community	xlm-roberta-large
421928	Community	xlm-roberta-large
609522	None	xlm-roberta-large
896838	Individual	xlm-roberta-large
623237	None	xlm-roberta-large
289648	Organization	xlm-roberta-large
426382	None	xlm-roberta-large
260072	Community	xlm-roberta-large
186438	Individual	xlm-roberta-large
330719	Individual	xlm-roberta-large
694232	Individual	xlm-roberta-large
659151	None	xlm-roberta-large
723103	Society	xlm-roberta-large
269242	None	xlm-roberta-large
658310	None	xlm-roberta-large
284423	Organization	xlm-roberta-large
471188	None	xlm-roberta-large
321553	None	xlm-roberta-large
23673	Society	xlm-roberta-large
31466	None	xlm-roberta-large
390734	None	xlm-roberta-large
299334	Organization	xlm-roberta-large
915160	Individual	xlm-roberta-large
886892	None	xlm-roberta-large
187567	None	xlm-roberta-large
716122	None	xlm-roberta-large
306552	None	xlm-roberta-large
556825	None	xlm-roberta-large
327323	Individual	xlm-roberta-large
845725	Individual	xlm-roberta-large
832828	Individual	xlm-roberta-large
614077	Community	xlm-roberta-large
861156	Individual	xlm-roberta-large
899235	None	xlm-roberta-large
920682	None	xlm-roberta-large
896115	None	xlm-roberta-large
819642	None	xlm-roberta-large
684624	Organization	xlm-roberta-large
671761	None	xlm-roberta-large
199225	Society	xlm-roberta-large
96018	None	xlm-roberta-large
530720	None	xlm-roberta-large
886768	None	xlm-roberta-large
788454	Individual	xlm-roberta-large
840793	None	xlm-roberta-large
530660	Individual	xlm-roberta-large
764785	None	xlm-roberta-large
510402	None	xlm-roberta-large
797709	None	xlm-roberta-large
154764	None	xlm-roberta-large
758899	Society	xlm-roberta-large
30625	None	xlm-roberta-large
650748	Organization	xlm-roberta-large
79978	None	xlm-roberta-large
590113	None	xlm-roberta-large
904047	None	xlm-roberta-large
228881	None	xlm-roberta-large
205983	Individual	xlm-roberta-large
638273	Society	xlm-roberta-large
156553	Organization	xlm-roberta-large
146868	None	xlm-roberta-large
428917	None	xlm-roberta-large
5567	None	xlm-roberta-large
385342	None	xlm-roberta-large
687821	Individual	xlm-roberta-large
558622	Organization	xlm-roberta-large
520964	None	xlm-roberta-large
635670	None	xlm-roberta-large
308809	None	xlm-roberta-large
864406	Individual	xlm-roberta-large
906662	Society	xlm-roberta-large
575658	None	xlm-roberta-large
394694	Society	xlm-roberta-large
923350	None	xlm-roberta-large
46205	None	xlm-roberta-large
855695	None	xlm-roberta-large
486257	None	xlm-roberta-large
276551	Individual	xlm-roberta-large
587637	None	xlm-roberta-large
647643	None	xlm-roberta-large
148374	None	xlm-roberta-large
657648	None	xlm-roberta-large
126155	None	xlm-roberta-large
196609	Organization	xlm-roberta-large
754547	None	xlm-roberta-large
544929	None	xlm-roberta-large
349354	None	xlm-roberta-large
260051	Individual	xlm-roberta-large
864433	None	xlm-roberta-large
439970	Individual	xlm-roberta-large
31197	None	xlm-roberta-large
884727	None	xlm-roberta-large
559768	None	xlm-roberta-large
581342	Individual	xlm-roberta-large
93295	Organization	xlm-roberta-large
765866	None	xlm-roberta-large
52066	None	xlm-roberta-large
150858	Individual	xlm-roberta-large
825788	Community	xlm-roberta-large
737745	None	xlm-roberta-large
472075	None	xlm-roberta-large
782014	None	xlm-roberta-large
846878	Community	xlm-roberta-large
54711	None	xlm-roberta-large
195057	None	xlm-roberta-large
23737	None	xlm-roberta-large
262183	Organization	xlm-roberta-large
908109	None	xlm-roberta-large
747650	None	xlm-roberta-large
632080	None	xlm-roberta-large
451953	None	xlm-roberta-large
566719	Individual	xlm-roberta-large
160977	None	xlm-roberta-large
398536	Society	xlm-roberta-large
671041	None	xlm-roberta-large
228691	Individual	xlm-roberta-large
215202	Individual	xlm-roberta-large
467926	None	xlm-roberta-large
631408	Individual	xlm-roberta-large
57868	None	xlm-roberta-large
192787	None	xlm-roberta-large
336777	Individual	xlm-roberta-large
890857	Society	xlm-roberta-large
691728	Community	xlm-roberta-large
831986	None	xlm-roberta-large
644832	Organization	xlm-roberta-large
859881	None	xlm-roberta-large
386166	None	xlm-roberta-large
411564	None	xlm-roberta-large
196840	Organization	xlm-roberta-large
26706	Organization	xlm-roberta-large
24433	Individual	xlm-roberta-large
294784	Individual	xlm-roberta-large
329873	None	xlm-roberta-large
922916	None	xlm-roberta-large
263428	Community	xlm-roberta-large
879502	None	xlm-roberta-large
171810	None	xlm-roberta-large
146419	None	xlm-roberta-large
11825	Community	xlm-roberta-large
385459	Society	xlm-roberta-large
837842	None	xlm-roberta-large
707861	None	xlm-roberta-large
256853	None	xlm-roberta-large
304172	Individual	xlm-roberta-large
215264	Individual	xlm-roberta-large
30430	Individual	xlm-roberta-large
247235	None	xlm-roberta-large
370427	Society	xlm-roberta-large
495671	None	xlm-roberta-large
765184	Community	xlm-roberta-large
317397	None	xlm-roberta-large
456450	None	xlm-roberta-large
858602	None	xlm-roberta-large
266349	Individual	xlm-roberta-large
518935	None	xlm-roberta-large
364371	None	xlm-roberta-large
505254	None	xlm-roberta-large
280647	None	xlm-roberta-large
365047	Community	xlm-roberta-large
691389	Community	xlm-roberta-large
833835	None	xlm-roberta-large
589316	None	xlm-roberta-large
157497	None	xlm-roberta-large
146479	None	xlm-roberta-large
608667	None	xlm-roberta-large
441810	None	xlm-roberta-large
74035	Organization	xlm-roberta-large
11550	Community	xlm-roberta-large
915332	None	xlm-roberta-large
688548	Society	xlm-roberta-large
714276	None	xlm-roberta-large
770650	None	xlm-roberta-large
542146	None	xlm-roberta-large
37206	None	xlm-roberta-large
917447	Community	xlm-roberta-large
902552	None	xlm-roberta-large
889894	None	xlm-roberta-large
631606	Community	xlm-roberta-large
218146	None	xlm-roberta-large
292282	None	xlm-roberta-large
115075	None	xlm-roberta-large
465124	None	xlm-roberta-large
711695	None	xlm-roberta-large
384706	None	xlm-roberta-large
293660	None	xlm-roberta-large
647131	Community	xlm-roberta-large
841800	Individual	xlm-roberta-large
254920	None	xlm-roberta-large
294087	None	xlm-roberta-large
68952	None	xlm-roberta-large
636983	None	xlm-roberta-large
214150	None	xlm-roberta-large
600580	None	xlm-roberta-large
135848	None	xlm-roberta-large
490828	None	xlm-roberta-large
593064	None	xlm-roberta-large
527973	Organization	xlm-roberta-large
146468	None	xlm-roberta-large
580206	None	xlm-roberta-large
589798	None	xlm-roberta-large
493901	None	xlm-roberta-large
509747	None	xlm-roberta-large
932687	None	xlm-roberta-large
4249	Organization	xlm-roberta-large
788252	None	xlm-roberta-large
154911	Individual	xlm-roberta-large
826374	None	xlm-roberta-large
736209	None	xlm-roberta-large
711052	None	xlm-roberta-large
931495	None	xlm-roberta-large
513434	None	xlm-roberta-large
345031	None	xlm-roberta-large
215334	None	xlm-roberta-large
690423	None	xlm-roberta-large
563512	Individual	xlm-roberta-large
251243	Organization	xlm-roberta-large
227927	None	xlm-roberta-large
142569	Organization	xlm-roberta-large
295213	Individual	xlm-roberta-large
596101	None	xlm-roberta-large
936853	None	xlm-roberta-large
801917	None	xlm-roberta-large
857995	None	xlm-roberta-large
95408	Organization	xlm-roberta-large
820682	None	xlm-roberta-large
844359	None	xlm-roberta-large
757905	None	xlm-roberta-large
723055	None	xlm-roberta-large
769948	Community	xlm-roberta-large
243442	Organization	xlm-roberta-large
737797	None	xlm-roberta-large
27139	None	xlm-roberta-large
409048	Society	xlm-roberta-large
72034	Individual	xlm-roberta-large
571451	Organization	xlm-roberta-large
932604	None	xlm-roberta-large
33535	Individual	xlm-roberta-large
122341	None	xlm-roberta-large
545466	None	xlm-roberta-large
499900	None	xlm-roberta-large
409261	None	xlm-roberta-large
34096	None	xlm-roberta-large
644512	None	xlm-roberta-large
273846	None	xlm-roberta-large
186411	Individual	xlm-roberta-large
13537	None	xlm-roberta-large
307702	None	xlm-roberta-large
638968	None	xlm-roberta-large
598736	None	xlm-roberta-large
53408	Individual	xlm-roberta-large
921147	None	xlm-roberta-large
66160	Organization	xlm-roberta-large
83010	None	xlm-roberta-large
740398	None	xlm-roberta-large
780256	Society	xlm-roberta-large
335046	Individual	xlm-roberta-large
313351	Individual	xlm-roberta-large
920002	None	xlm-roberta-large
37737	None	xlm-roberta-large
404912	Society	xlm-roberta-large
168151	None	xlm-roberta-large
578783	None	xlm-roberta-large
82540	None	xlm-roberta-large
198428	None	xlm-roberta-large
201290	Organization	xlm-roberta-large
784990	Society	xlm-roberta-large
248346	Individual	xlm-roberta-large
417267	Organization	xlm-roberta-large
528918	None	xlm-roberta-large
56297	Community	xlm-roberta-large
555695	None	xlm-roberta-large
503608	None	xlm-roberta-large
548666	None	xlm-roberta-large
232167	Organization	xlm-roberta-large
511977	None	xlm-roberta-large
902284	None	xlm-roberta-large
229235	Individual	xlm-roberta-large
762354	Individual	xlm-roberta-large
454709	Organization	xlm-roberta-large
180085	None	xlm-roberta-large
11338	Society	xlm-roberta-large
447030	None	xlm-roberta-large
651116	None	xlm-roberta-large
287127	None	xlm-roberta-large
251561	Organization	xlm-roberta-large
434113	Individual	xlm-roberta-large
888130	None	xlm-roberta-large
919683	None	xlm-roberta-large
542440	None	xlm-roberta-large
788941	None	xlm-roberta-large
118010	Community	xlm-roberta-large
481002	None	xlm-roberta-large
770890	None	xlm-roberta-large
538540	None	xlm-roberta-large
385860	None	xlm-roberta-large
80855	Society	xlm-roberta-large
917595	Society	xlm-roberta-large
70927	Individual	xlm-roberta-large
449971	None	xlm-roberta-large
529876	None	xlm-roberta-large
404923	Society	xlm-roberta-large
716044	Individual	xlm-roberta-large
235128	None	xlm-roberta-large
414752	None	xlm-roberta-large
282830	None	xlm-roberta-large
541766	None	xlm-roberta-large
424715	None	xlm-roberta-large
838616	None	xlm-roberta-large
176833	None	xlm-roberta-large
735992	None	xlm-roberta-large
453195	Individual	xlm-roberta-large
479598	Society	xlm-roberta-large
740390	None	xlm-roberta-large
695017	None	xlm-roberta-large
76335	Organization	xlm-roberta-large
270852	Organization	xlm-roberta-large
708065	None	xlm-roberta-large
606816	Individual	xlm-roberta-large
206088	Organization	xlm-roberta-large
212827	Organization	xlm-roberta-large
274373	None	xlm-roberta-large
111258	None	xlm-roberta-large
784002	Society	xlm-roberta-large
211700	Individual	xlm-roberta-large
347583	Individual	xlm-roberta-large
930859	Community	xlm-roberta-large
316943	Individual	xlm-roberta-large
910354	Society	xlm-roberta-large
852545	None	xlm-roberta-large
177572	Community	xlm-roberta-large
547211	Individual	xlm-roberta-large
336934	None	xlm-roberta-large
814651	Society	xlm-roberta-large
419915	Community	xlm-roberta-large
626302	None	xlm-roberta-large
196688	Organization	xlm-roberta-large
623013	None	xlm-roberta-large
434820	None	xlm-roberta-large
425654	Society	xlm-roberta-large
79974	Individual	xlm-roberta-large
386889	None	xlm-roberta-large
610277	Society	xlm-roberta-large
205726	Individual	xlm-roberta-large
620890	Organization	xlm-roberta-large
767995	None	xlm-roberta-large
809007	Society	xlm-roberta-large
441520	None	xlm-roberta-large
913659	Individual	xlm-roberta-large
360611	None	xlm-roberta-large
287734	Society	xlm-roberta-large
905814	None	xlm-roberta-large
815224	Society	xlm-roberta-large
244696	Organization	xlm-roberta-large
112362	Individual	xlm-roberta-large
837061	None	xlm-roberta-large
469475	None	xlm-roberta-large
49053	None	xlm-roberta-large
67722	Community	xlm-roberta-large
862123	None	xlm-roberta-large
359926	None	xlm-roberta-large
58467	None	xlm-roberta-large
242064	None	xlm-roberta-large
556969	Community	xlm-roberta-large
267300	None	xlm-roberta-large
390626	None	xlm-roberta-large
420135	None	xlm-roberta-large
152122	None	xlm-roberta-large
836236	None	xlm-roberta-large
797488	Society	xlm-roberta-large
622909	Individual	xlm-roberta-large
895011	None	xlm-roberta-large
882194	None	xlm-roberta-large
75596	None	xlm-roberta-large
392774	Individual	xlm-roberta-large
697383	None	xlm-roberta-large
37458	None	xlm-roberta-large
341828	None	xlm-roberta-large
580586	None	xlm-roberta-large
704812	None	xlm-roberta-large
499112	None	xlm-roberta-large
937103	Individual	xlm-roberta-large
510980	Individual	xlm-roberta-large
517470	Individual	xlm-roberta-large
425835	Individual	xlm-roberta-large
847555	Organization	xlm-roberta-large
55580	Community	xlm-roberta-large
912551	Individual	xlm-roberta-large
873778	None	xlm-roberta-large
850066	Individual	xlm-roberta-large
874043	None	xlm-roberta-large
842140	Organization	xlm-roberta-large
249516	None	xlm-roberta-large
883107	None	xlm-roberta-large
171088	None	xlm-roberta-large
834348	Individual	xlm-roberta-large
260511	None	xlm-roberta-large
747543	Community	xlm-roberta-large
798061	None	xlm-roberta-large
858296	None	xlm-roberta-large
370524	None	xlm-roberta-large
33709	None	xlm-roberta-large
285570	None	xlm-roberta-large
794925	None	xlm-roberta-large
895463	None	xlm-roberta-large
778909	Individual	xlm-roberta-large
54033	None	xlm-roberta-large
789905	None	xlm-roberta-large
928455	Individual	xlm-roberta-large
903244	None	xlm-roberta-large
886945	None	xlm-roberta-large
638355	Individual	xlm-roberta-large
630520	None	xlm-roberta-large
672070	Organization	xlm-roberta-large
862937	None	xlm-roberta-large
478805	None	xlm-roberta-large
772528	Society	xlm-roberta-large
518431	None	xlm-roberta-large
280350	None	xlm-roberta-large
363404	None	xlm-roberta-large
794248	None	xlm-roberta-large
807255	None	xlm-roberta-large
66980	Organization	xlm-roberta-large
152001	Community	xlm-roberta-large
781177	None	xlm-roberta-large
447772	None	xlm-roberta-large
99458	None	xlm-roberta-large
828336	Individual	xlm-roberta-large
61667	None	xlm-roberta-large
750355	None	xlm-roberta-large
59248	None	xlm-roberta-large
706130	None	xlm-roberta-large
247384	Individual	xlm-roberta-large
91256	Community	xlm-roberta-large
45198	Organization	xlm-roberta-large
475615	None	xlm-roberta-large
809901	None	xlm-roberta-large
850232	Individual	xlm-roberta-large
928676	None	xlm-roberta-large
354579	None	xlm-roberta-large
702680	None	xlm-roberta-large
140349	None	xlm-roberta-large
369414	Organization	xlm-roberta-large
890355	None	xlm-roberta-large
827756	None	xlm-roberta-large
909607	Society	xlm-roberta-large
650140	None	xlm-roberta-large
936499	Organization	xlm-roberta-large
632121	None	xlm-roberta-large
130390	Community	xlm-roberta-large
748439	Society	xlm-roberta-large
18941	None	xlm-roberta-large
165040	None	xlm-roberta-large
146666	None	xlm-roberta-large
671364	None	xlm-roberta-large
241643	Organization	xlm-roberta-large
728148	None	xlm-roberta-large
418768	Organization	xlm-roberta-large
507313	Individual	xlm-roberta-large
122056	Organization	xlm-roberta-large
429232	None	xlm-roberta-large
936443	None	xlm-roberta-large
63195	None	xlm-roberta-large
347924	None	xlm-roberta-large
239634	None	xlm-roberta-large
685874	Organization	xlm-roberta-large
785301	None	xlm-roberta-large
205145	None	xlm-roberta-large
895764	None	xlm-roberta-large
744814	None	xlm-roberta-large
711915	None	xlm-roberta-large
538881	Individual	xlm-roberta-large
423994	None	xlm-roberta-large
747992	None	xlm-roberta-large
907822	None	xlm-roberta-large
319476	None	xlm-roberta-large
328982	None	xlm-roberta-large
920039	None	xlm-roberta-large
14595	None	xlm-roberta-large
316259	Individual	xlm-roberta-large
874684	Individual	xlm-roberta-large
147374	Organization	xlm-roberta-large
580566	None	xlm-roberta-large
309030	Individual	xlm-roberta-large
115329	Organization	xlm-roberta-large
196330	Organization	xlm-roberta-large
493326	None	xlm-roberta-large
312918	None	xlm-roberta-large
202721	None	xlm-roberta-large
350137	None	xlm-roberta-large
534191	None	xlm-roberta-large
906802	Individual	xlm-roberta-large
264542	Community	xlm-roberta-large
617888	None	xlm-roberta-large
860457	None	xlm-roberta-large
420009	Society	xlm-roberta-large
787063	None	xlm-roberta-large
785414	None	xlm-roberta-large
81862	Individual	xlm-roberta-large
662064	None	xlm-roberta-large
827901	Society	xlm-roberta-large
142369	None	xlm-roberta-large
758258	Society	xlm-roberta-large
863008	Organization	xlm-roberta-large
844816	None	xlm-roberta-large
788206	None	xlm-roberta-large
88124	None	xlm-roberta-large
480429	None	xlm-roberta-large
849632	None	xlm-roberta-large
923478	None	xlm-roberta-large
135535	None	xlm-roberta-large
182108	None	xlm-roberta-large
377804	None	xlm-roberta-large
556981	None	xlm-roberta-large
682191	None	xlm-roberta-large
296481	None	xlm-roberta-large
258690	Individual	xlm-roberta-large
648686	None	xlm-roberta-large
146254	None	xlm-roberta-large
191274	Individual	xlm-roberta-large
685372	None	xlm-roberta-large
150193	None	xlm-roberta-large
161821	Community	xlm-roberta-large
143688	None	xlm-roberta-large
133473	None	xlm-roberta-large
380049	Society	xlm-roberta-large
340559	None	xlm-roberta-large
100142	None	xlm-roberta-large
317419	None	xlm-roberta-large
717800	None	xlm-roberta-large
477055	Society	xlm-roberta-large
496575	Individual	xlm-roberta-large
855557	None	xlm-roberta-large
276303	Organization	xlm-roberta-large
351198	Individual	xlm-roberta-large
829783	None	xlm-roberta-large
367132	Organization	xlm-roberta-large
641785	Individual	xlm-roberta-large
379053	Society	xlm-roberta-large
593153	Individual	xlm-roberta-large
532096	None	xlm-roberta-large
541335	None	xlm-roberta-large
555100	Individual	xlm-roberta-large
248630	Individual	xlm-roberta-large
755985	None	xlm-roberta-large
330068	Organization	xlm-roberta-large
748877	None	xlm-roberta-large
225802	None	xlm-roberta-large
865982	None	xlm-roberta-large
471207	None	xlm-roberta-large
455365	None	xlm-roberta-large
672031	Individual	xlm-roberta-large
885735	None	xlm-roberta-large
41893	Organization	xlm-roberta-large
260881	None	xlm-roberta-large
774654	None	xlm-roberta-large
440552	Society	xlm-roberta-large
283397	None	xlm-roberta-large
882150	None	xlm-roberta-large
760852	None	xlm-roberta-large
884094	None	xlm-roberta-large
741510	None	xlm-roberta-large
560164	Community	xlm-roberta-large
477574	None	xlm-roberta-large
15942	None	xlm-roberta-large
340456	None	xlm-roberta-large
414341	None	xlm-roberta-large
196955	None	xlm-roberta-large
191208	None	xlm-roberta-large
244900	Organization	xlm-roberta-large
125453	Organization	xlm-roberta-large
330381	Organization	xlm-roberta-large
844322	None	xlm-roberta-large
742255	Individual	xlm-roberta-large
531576	None	xlm-roberta-large
804997	None	xlm-roberta-large
572040	Community	xlm-roberta-large
12508	None	xlm-roberta-large
13692	Society	xlm-roberta-large
431332	Society	xlm-roberta-large
222805	Community	xlm-roberta-large
575884	Community	xlm-roberta-large
526093	None	xlm-roberta-large
440877	None	xlm-roberta-large
599709	None	xlm-roberta-large
864563	None	xlm-roberta-large
78839	Community	xlm-roberta-large
111	Organization	xlm-roberta-large
95463	None	xlm-roberta-large
495836	None	xlm-roberta-large
853192	Community	xlm-roberta-large
645187	Individual	xlm-roberta-large
716428	Community	xlm-roberta-large
70540	Individual	xlm-roberta-large
620335	None	xlm-roberta-large
618922	None	xlm-roberta-large
292521	None	xlm-roberta-large
374329	None	xlm-roberta-large
749851	None	xlm-roberta-large
786718	None	xlm-roberta-large
243476	Organization	xlm-roberta-large
309574	None	xlm-roberta-large
502189	Organization	xlm-roberta-large
310058	None	xlm-roberta-large
547459	Organization	xlm-roberta-large
669697	None	xlm-roberta-large
615307	None	xlm-roberta-large
886670	None	xlm-roberta-large
342705	None	xlm-roberta-large
545877	Individual	xlm-roberta-large
463794	None	xlm-roberta-large
796637	Society	xlm-roberta-large
468421	Organization	xlm-roberta-large
852941	None	xlm-roberta-large
5937	Society	xlm-roberta-large
848908	Organization	xlm-roberta-large
935715	None	xlm-roberta-large
635119	None	xlm-roberta-large
200107	Organization	xlm-roberta-large
833350	None	xlm-roberta-large
610487	Individual	xlm-roberta-large
877527	None	xlm-roberta-large
602480	None	xlm-roberta-large
481722	None	xlm-roberta-large
489986	Individual	xlm-roberta-large
720093	None	xlm-roberta-large
924402	None	xlm-roberta-large
911276	None	xlm-roberta-large
696728	Community	xlm-roberta-large
506533	Organization	xlm-roberta-large
878562	Community	xlm-roberta-large
523281	None	xlm-roberta-large
896755	None	xlm-roberta-large
598409	Individual	xlm-roberta-large
831752	Individual	xlm-roberta-large
322711	None	xlm-roberta-large
61823	None	xlm-roberta-large
811164	None	xlm-roberta-large
549355	Individual	xlm-roberta-large
829055	Organization	xlm-roberta-large
380227	None	xlm-roberta-large
932515	None	xlm-roberta-large
472535	None	xlm-roberta-large
60136	None	xlm-roberta-large
339636	None	xlm-roberta-large
575878	Community	xlm-roberta-large
378299	Society	xlm-roberta-large
193320	None	xlm-roberta-large
738016	None	xlm-roberta-large
189787	None	xlm-roberta-large
335516	Individual	xlm-roberta-large
283644	Individual	xlm-roberta-large
244035	Individual	xlm-roberta-large
679551	Organization	xlm-roberta-large
737260	None	xlm-roberta-large
566789	Individual	xlm-roberta-large
701258	Society	xlm-roberta-large
78373	Individual	xlm-roberta-large
88648	None	xlm-roberta-large
816345	Society	xlm-roberta-large
203094	Individual	xlm-roberta-large
115932	Individual	xlm-roberta-large
383904	None	xlm-roberta-large
896076	None	xlm-roberta-large
280078	None	xlm-roberta-large
853897	Organization	xlm-roberta-large
651831	Organization	xlm-roberta-large
241704	Organization	xlm-roberta-large
467218	None	xlm-roberta-large
348851	Organization	xlm-roberta-large
39268	None	xlm-roberta-large
195742	Organization	xlm-roberta-large
624006	Individual	xlm-roberta-large
821714	None	xlm-roberta-large
932881	None	xlm-roberta-large
927697	Society	xlm-roberta-large
561831	Organization	xlm-roberta-large
147405	Individual	xlm-roberta-large
494714	None	xlm-roberta-large
94452	None	xlm-roberta-large
109748	Community	xlm-roberta-large
178516	None	xlm-roberta-large
523045	Individual	xlm-roberta-large
929718	Individual	xlm-roberta-large
7512	Organization	xlm-roberta-large
497912	Community	xlm-roberta-large
3934	Society	xlm-roberta-large
266354	Organization	xlm-roberta-large
50344	None	xlm-roberta-large
546395	None	xlm-roberta-large
859986	None	xlm-roberta-large
95001	Organization	xlm-roberta-large
228080	None	xlm-roberta-large
102582	Individual	xlm-roberta-large
807409	None	xlm-roberta-large
935706	Individual	xlm-roberta-large
385956	Society	xlm-roberta-large
876039	None	xlm-roberta-large
157415	None	xlm-roberta-large
205465	Community	xlm-roberta-large
615005	Organization	xlm-roberta-large
240869	None	xlm-roberta-large
372994	Community	xlm-roberta-large
444019	None	xlm-roberta-large
472721	None	xlm-roberta-large
901710	Community	xlm-roberta-large
123394	Organization	xlm-roberta-large
758190	Organization	xlm-roberta-large
828286	Individual	xlm-roberta-large
107763	Individual	xlm-roberta-large
676389	None	xlm-roberta-large
923219	None	xlm-roberta-large
886300	None	xlm-roberta-large
41268	None	xlm-roberta-large
452043	Community	xlm-roberta-large
24785	None	xlm-roberta-large
214082	Organization	xlm-roberta-large
139162	None	xlm-roberta-large
760971	None	xlm-roberta-large
12874	Society	xlm-roberta-large
716891	None	xlm-roberta-large
359727	Community	xlm-roberta-large
114631	None	xlm-roberta-large
801584	None	xlm-roberta-large
634663	None	xlm-roberta-large
62360	None	xlm-roberta-large
48313	Individual	xlm-roberta-large
34938	None	xlm-roberta-large
675816	None	xlm-roberta-large
414879	None	xlm-roberta-large
640288	None	xlm-roberta-large
94822	Community	xlm-roberta-large
166996	None	xlm-roberta-large
120572	None	xlm-roberta-large
111193	None	xlm-roberta-large
369225	None	xlm-roberta-large
184411	Organization	xlm-roberta-large
707555	None	xlm-roberta-large
566720	Individual	xlm-roberta-large
140176	None	xlm-roberta-large
38817	Individual	xlm-roberta-large
227515	Organization	xlm-roberta-large
899295	None	xlm-roberta-large
926615	Organization	xlm-roberta-large
221727	None	xlm-roberta-large
70567	None	xlm-roberta-large
465292	None	xlm-roberta-large
769162	None	xlm-roberta-large
848690	Individual	xlm-roberta-large
119707	None	xlm-roberta-large
931034	Individual	xlm-roberta-large
79612	None	xlm-roberta-large
135661	Organization	xlm-roberta-large
738000	None	xlm-roberta-large
35449	None	xlm-roberta-large
763819	None	xlm-roberta-large
53316	None	xlm-roberta-large
466063	Organization	xlm-roberta-large
348338	None	xlm-roberta-large
934615	None	xlm-roberta-large
834548	None	xlm-roberta-large
180175	None	xlm-roberta-large
228243	None	xlm-roberta-large
826578	Community	xlm-roberta-large
185010	Organization	xlm-roberta-large
639126	None	xlm-roberta-large
849059	Organization	xlm-roberta-large
856980	None	xlm-roberta-large
388739	Organization	xlm-roberta-large
835399	Individual	xlm-roberta-large
765271	Individual	xlm-roberta-large
244804	None	xlm-roberta-large
867962	None	xlm-roberta-large
741333	None	xlm-roberta-large
249350	None	xlm-roberta-large
713791	None	xlm-roberta-large
306999	None	xlm-roberta-large
28556	Organization	xlm-roberta-large
74299	Community	xlm-roberta-large
314054	Individual	xlm-roberta-large
558703	None	xlm-roberta-large
14963	None	xlm-roberta-large
422635	None	xlm-roberta-large
470543	Individual	xlm-roberta-large
570107	None	xlm-roberta-large
729521	Community	xlm-roberta-large
567295	Organization	xlm-roberta-large
44606	Organization	xlm-roberta-large
561963	None	xlm-roberta-large
630365	None	xlm-roberta-large
903565	None	xlm-roberta-large
738879	None	xlm-roberta-large
390607	None	xlm-roberta-large
692550	None	xlm-roberta-large
55949	Individual	xlm-roberta-large
454064	None	xlm-roberta-large
837235	None	xlm-roberta-large
371918	None	xlm-roberta-large
848781	Community	xlm-roberta-large
912473	None	xlm-roberta-large
469957	None	xlm-roberta-large
110797	Individual	xlm-roberta-large
693434	Individual	xlm-roberta-large
78406	None	xlm-roberta-large
46963	None	xlm-roberta-large
57709	Individual	xlm-roberta-large
789298	Community	xlm-roberta-large
809835	None	xlm-roberta-large
214396	Individual	xlm-roberta-large
622943	None	xlm-roberta-large
443407	None	xlm-roberta-large
327587	Community	xlm-roberta-large
437844	None	xlm-roberta-large
221872	None	xlm-roberta-large
336045	None	xlm-roberta-large
375881	None	xlm-roberta-large
430379	Society	xlm-roberta-large
169430	None	xlm-roberta-large
294172	Society	xlm-roberta-large
89541	None	xlm-roberta-large
268632	Community	xlm-roberta-large
805518	None	xlm-roberta-large
566818	Individual	xlm-roberta-large
607062	Individual	xlm-roberta-large
867573	None	xlm-roberta-large
605692	Individual	xlm-roberta-large
326477	Individual	xlm-roberta-large
509063	None	xlm-roberta-large
232984	None	xlm-roberta-large
153943	Organization	xlm-roberta-large
689880	Organization	xlm-roberta-large
319374	None	xlm-roberta-large
742836	None	xlm-roberta-large
238027	None	xlm-roberta-large
293070	Individual	xlm-roberta-large
852509	Individual	xlm-roberta-large
113697	None	xlm-roberta-large
404559	Organization	xlm-roberta-large
367504	Society	xlm-roberta-large
312455	Community	xlm-roberta-large
95986	None	xlm-roberta-large
250108	Organization	xlm-roberta-large
306720	Individual	xlm-roberta-large
827471	None	xlm-roberta-large
409654	Organization	xlm-roberta-large
179580	None	xlm-roberta-large
54157	Community	xlm-roberta-large
565214	None	xlm-roberta-large
157628	None	xlm-roberta-large
524389	None	xlm-roberta-large
625151	Individual	xlm-roberta-large
41456	None	xlm-roberta-large
809670	Individual	xlm-roberta-large
470773	None	xlm-roberta-large
139862	None	xlm-roberta-large
526507	Organization	xlm-roberta-large
788998	None	xlm-roberta-large
360237	None	xlm-roberta-large
851562	None	xlm-roberta-large
672289	Individual	xlm-roberta-large
748338	Individual	xlm-roberta-large
160373	None	xlm-roberta-large
722951	Individual	xlm-roberta-large
57770	Community	xlm-roberta-large
826087	None	xlm-roberta-large
374588	Society	xlm-roberta-large
410682	None	xlm-roberta-large
772372	Individual	xlm-roberta-large
84041	Individual	xlm-roberta-large
216995	Organization	xlm-roberta-large
463848	None	xlm-roberta-large
478943	None	xlm-roberta-large
742536	None	xlm-roberta-large
642569	Individual	xlm-roberta-large
178538	Individual	xlm-roberta-large
489884	None	xlm-roberta-large
656697	None	xlm-roberta-large
309209	None	xlm-roberta-large
887989	None	xlm-roberta-large
660054	None	xlm-roberta-large
210475	None	xlm-roberta-large
209867	Organization	xlm-roberta-large
467547	None	xlm-roberta-large
851586	Individual	xlm-roberta-large
14311	Society	xlm-roberta-large
793203	Society	xlm-roberta-large
123927	None	xlm-roberta-large
717771	None	xlm-roberta-large
584197	None	xlm-roberta-large
79868	None	xlm-roberta-large
516666	Individual	xlm-roberta-large
723962	None	xlm-roberta-large
14579	Organization	xlm-roberta-large
257737	None	xlm-roberta-large
540902	None	xlm-roberta-large
508957	Community	xlm-roberta-large
41334	Community	xlm-roberta-large
465546	Community	xlm-roberta-large
526152	None	xlm-roberta-large
282038	Community	xlm-roberta-large
911747	Individual	xlm-roberta-large
709732	None	xlm-roberta-large
151980	None	xlm-roberta-large
257257	Individual	xlm-roberta-large
843966	None	xlm-roberta-large
464017	None	xlm-roberta-large
619782	None	xlm-roberta-large
284724	None	xlm-roberta-large
134346	None	xlm-roberta-large
255352	None	xlm-roberta-large
483319	None	xlm-roberta-large
540781	None	xlm-roberta-large
339456	Individual	xlm-roberta-large
193515	None	xlm-roberta-large
493695	Organization	xlm-roberta-large
627681	None	xlm-roberta-large
756726	Community	xlm-roberta-large
405826	None	xlm-roberta-large
815800	Society	xlm-roberta-large
774003	Individual	xlm-roberta-large
928355	None	xlm-roberta-large
105802	Individual	xlm-roberta-large
849930	Organization	xlm-roberta-large
314150	Individual	xlm-roberta-large
118315	None	xlm-roberta-large
594020	None	xlm-roberta-large
930997	None	xlm-roberta-large
878173	None	xlm-roberta-large
745693	Individual	xlm-roberta-large
88560	None	xlm-roberta-large
837331	Individual	xlm-roberta-large
313856	Organization	xlm-roberta-large
721573	None	xlm-roberta-large
885365	None	xlm-roberta-large
548204	Society	xlm-roberta-large
377118	Individual	xlm-roberta-large
649908	None	xlm-roberta-large
626634	None	xlm-roberta-large
719540	None	xlm-roberta-large
155405	None	xlm-roberta-large
625156	Organization	xlm-roberta-large
731578	Society	xlm-roberta-large
248789	None	xlm-roberta-large
812915	None	xlm-roberta-large
639994	Society	xlm-roberta-large
243292	None	xlm-roberta-large
308220	None	xlm-roberta-large
411431	None	xlm-roberta-large
418309	Community	xlm-roberta-large
619262	None	xlm-roberta-large
564804	Organization	xlm-roberta-large
506045	Organization	xlm-roberta-large
81503	None	xlm-roberta-large
268827	Individual	xlm-roberta-large
909369	None	xlm-roberta-large
803096	None	xlm-roberta-large
583923	None	xlm-roberta-large
493493	None	xlm-roberta-large
890157	None	xlm-roberta-large
225488	Organization	xlm-roberta-large
291584	None	xlm-roberta-large
7001	Individual	xlm-roberta-large
848619	None	xlm-roberta-large
873544	None	xlm-roberta-large
871485	None	xlm-roberta-large
515296	Individual	xlm-roberta-large
17928	Individual	xlm-roberta-large
799555	Individual	xlm-roberta-large
906324	Individual	xlm-roberta-large
416633	None	xlm-roberta-large
936028	None	xlm-roberta-large
938949	None	xlm-roberta-large
120599	Individual	xlm-roberta-large
743154	None	xlm-roberta-large
588338	None	xlm-roberta-large
278691	Organization	xlm-roberta-large
209557	None	xlm-roberta-large
572974	Organization	xlm-roberta-large
707146	Individual	xlm-roberta-large
682574	None	xlm-roberta-large
897946	None	xlm-roberta-large
594930	Organization	xlm-roberta-large
177580	None	xlm-roberta-large
446305	Society	xlm-roberta-large
642522	None	xlm-roberta-large
710229	None	xlm-roberta-large
109650	Organization	xlm-roberta-large
166059	None	xlm-roberta-large
324766	Society	xlm-roberta-large
274593	Organization	xlm-roberta-large
732149	None	xlm-roberta-large
922697	None	xlm-roberta-large
436440	None	xlm-roberta-large
147243	None	xlm-roberta-large
113041	Organization	xlm-roberta-large
136214	None	xlm-roberta-large
459985	None	xlm-roberta-large
14811	None	xlm-roberta-large
87990	Organization	xlm-roberta-large
888281	None	xlm-roberta-large
142305	None	xlm-roberta-large
40807	None	xlm-roberta-large
379491	None	xlm-roberta-large
748378	Society	xlm-roberta-large
189272	Individual	xlm-roberta-large
462995	Organization	xlm-roberta-large
238640	Community	xlm-roberta-large
624763	Organization	xlm-roberta-large
132838	None	xlm-roberta-large
936999	None	xlm-roberta-large
478162	None	xlm-roberta-large
836153	Individual	xlm-roberta-large
191692	Organization	xlm-roberta-large
144991	Community	xlm-roberta-large
575280	None	xlm-roberta-large
767542	Individual	xlm-roberta-large
938392	Individual	xlm-roberta-large
625756	None	xlm-roberta-large
591958	None	xlm-roberta-large
777873	None	xlm-roberta-large
382296	Individual	xlm-roberta-large
853958	Individual	xlm-roberta-large
689376	None	xlm-roberta-large
667476	Community	xlm-roberta-large
555124	None	xlm-roberta-large
553769	Organization	xlm-roberta-large
779775	None	xlm-roberta-large
175226	None	xlm-roberta-large
221245	Organization	xlm-roberta-large
357659	None	xlm-roberta-large
19345	None	xlm-roberta-large
359530	Society	xlm-roberta-large
897931	None	xlm-roberta-large
730685	None	xlm-roberta-large
112406	Organization	xlm-roberta-large
931965	Community	xlm-roberta-large
237018	None	xlm-roberta-large
448776	None	xlm-roberta-large
85034	Community	xlm-roberta-large
311670	Community	xlm-roberta-large
441297	Individual	xlm-roberta-large
517000	None	xlm-roberta-large
96319	Organization	xlm-roberta-large
418882	Community	xlm-roberta-large
155075	Community	xlm-roberta-large
12231	Community	xlm-roberta-large
413056	Individual	xlm-roberta-large
907236	None	xlm-roberta-large
604934	Organization	xlm-roberta-large
838580	None	xlm-roberta-large
717687	None	xlm-roberta-large
197189	Society	xlm-roberta-large
855820	Individual	xlm-roberta-large
182568	None	xlm-roberta-large
320842	None	xlm-roberta-large
879729	None	xlm-roberta-large
14189	Society	xlm-roberta-large
740123	None	xlm-roberta-large
286498	Individual	xlm-roberta-large
453161	None	xlm-roberta-large
698304	None	xlm-roberta-large
569119	None	xlm-roberta-large
395594	None	xlm-roberta-large
540215	None	xlm-roberta-large
771499	None	xlm-roberta-large
18282	None	xlm-roberta-large
438340	None	xlm-roberta-large
750831	None	xlm-roberta-large
422062	None	xlm-roberta-large
252381	Individual	xlm-roberta-large
128299	Community	xlm-roberta-large
82059	Organization	xlm-roberta-large
440675	Organization	xlm-roberta-large
303717	None	xlm-roberta-large
799599	None	xlm-roberta-large
460943	None	xlm-roberta-large
385684	None	xlm-roberta-large
279316	None	xlm-roberta-large
775008	None	xlm-roberta-large
591611	None	xlm-roberta-large
381277	None	xlm-roberta-large
784997	None	xlm-roberta-large
491267	None	xlm-roberta-large
899392	Society	xlm-roberta-large
12717	Society	xlm-roberta-large
494312	None	xlm-roberta-large
103228	Organization	xlm-roberta-large
295335	None	xlm-roberta-large
316645	None	xlm-roberta-large
645657	Society	xlm-roberta-large
205048	Organization	xlm-roberta-large
169403	Community	xlm-roberta-large
471808	Community	xlm-roberta-large
548377	Individual	xlm-roberta-large
574374	Organization	xlm-roberta-large
376266	None	xlm-roberta-large
137128	None	xlm-roberta-large
84681	Organization	xlm-roberta-large
869682	None	xlm-roberta-large
522322	Individual	xlm-roberta-large
620454	None	xlm-roberta-large
902649	None	xlm-roberta-large
69156	None	xlm-roberta-large
821418	None	xlm-roberta-large
299047	None	xlm-roberta-large
470685	None	xlm-roberta-large
174808	Organization	xlm-roberta-large
926452	Society	xlm-roberta-large
875164	None	xlm-roberta-large
365347	Community	xlm-roberta-large
836477	Individual	xlm-roberta-large
905476	None	xlm-roberta-large
936688	None	xlm-roberta-large
560260	Organization	xlm-roberta-large
412196	None	xlm-roberta-large
520253	None	xlm-roberta-large
2167	Individual	xlm-roberta-large
779149	Society	xlm-roberta-large
914749	None	xlm-roberta-large
190492	None	xlm-roberta-large
179549	None	xlm-roberta-large
32044	Community	xlm-roberta-large
313219	None	xlm-roberta-large
621571	Individual	xlm-roberta-large
937290	None	xlm-roberta-large
308142	None	xlm-roberta-large
815069	Individual	xlm-roberta-large
186811	Organization	xlm-roberta-large
771777	Society	xlm-roberta-large
33082	None	xlm-roberta-large
403175	Society	xlm-roberta-large
482237	None	xlm-roberta-large
167408	Organization	xlm-roberta-large
424508	Organization	xlm-roberta-large
466439	None	xlm-roberta-large
804184	Community	xlm-roberta-large
889384	Society	xlm-roberta-large
80815	Organization	xlm-roberta-large
343649	Organization	xlm-roberta-large
358043	None	xlm-roberta-large
612105	Community	xlm-roberta-large
62235	None	xlm-roberta-large
214701	Individual	xlm-roberta-large
864286	Individual	xlm-roberta-large
33526	None	xlm-roberta-large
461360	Community	xlm-roberta-large
637121	Individual	xlm-roberta-large
539351	None	xlm-roberta-large
442711	Individual	xlm-roberta-large
854642	Community	xlm-roberta-large
380082	None	xlm-roberta-large
262039	None	xlm-roberta-large
131765	None	xlm-roberta-large
461120	None	xlm-roberta-large
486207	None	xlm-roberta-large
585797	None	xlm-roberta-large
347925	None	xlm-roberta-large
149746	None	xlm-roberta-large
648789	None	xlm-roberta-large
827712	None	xlm-roberta-large
289491	None	xlm-roberta-large
114350	None	xlm-roberta-large
647470	Organization	xlm-roberta-large
628702	Organization	xlm-roberta-large
333078	None	xlm-roberta-large
194388	Organization	xlm-roberta-large
403332	None	xlm-roberta-large
261772	None	xlm-roberta-large
562636	None	xlm-roberta-large
497449	None	xlm-roberta-large
578764	Organization	xlm-roberta-large
843620	None	xlm-roberta-large
152036	Individual	xlm-roberta-large
406570	None	xlm-roberta-large
288559	None	xlm-roberta-large
483883	Organization	xlm-roberta-large
913373	None	xlm-roberta-large
927437	None	xlm-roberta-large
269342	Community	xlm-roberta-large
885094	None	xlm-roberta-large
721480	None	xlm-roberta-large
849005	None	xlm-roberta-large
498494	None	xlm-roberta-large
476169	None	xlm-roberta-large
450992	Community	xlm-roberta-large
237824	None	xlm-roberta-large
616971	None	xlm-roberta-large
503134	None	xlm-roberta-large
300697	Individual	xlm-roberta-large
341752	None	xlm-roberta-large
389232	None	xlm-roberta-large
165711	None	xlm-roberta-large
595882	None	xlm-roberta-large
461321	None	xlm-roberta-large
534246	None	xlm-roberta-large
167959	None	xlm-roberta-large
663255	Individual	xlm-roberta-large
491560	None	xlm-roberta-large
759859	None	xlm-roberta-large
933842	None	xlm-roberta-large
447129	None	xlm-roberta-large
77357	None	xlm-roberta-large
843342	None	xlm-roberta-large
762831	None	xlm-roberta-large
495779	None	xlm-roberta-large
110324	Organization	xlm-roberta-large
748744	None	xlm-roberta-large
267627	None	xlm-roberta-large
28570	Community	xlm-roberta-large
114389	None	xlm-roberta-large
917265	None	xlm-roberta-large
861949	None	xlm-roberta-large
835845	Individual	xlm-roberta-large
817301	Society	xlm-roberta-large
155697	None	xlm-roberta-large
776060	None	xlm-roberta-large
140203	Organization	xlm-roberta-large
551159	None	xlm-roberta-large
303964	None	xlm-roberta-large
359310	None	xlm-roberta-large
814630	None	xlm-roberta-large
724406	Society	xlm-roberta-large
345485	None	xlm-roberta-large
923533	Individual	xlm-roberta-large
879480	Community	xlm-roberta-large
29455	Community	xlm-roberta-large
6905	Individual	xlm-roberta-large
857239	None	xlm-roberta-large
375203	None	xlm-roberta-large
239594	None	xlm-roberta-large
397239	Community	xlm-roberta-large
927497	None	xlm-roberta-large
448887	None	xlm-roberta-large
196093	Organization	xlm-roberta-large
707921	None	xlm-roberta-large
141474	Individual	xlm-roberta-large
244709	Individual	xlm-roberta-large
145485	None	xlm-roberta-large
236687	None	xlm-roberta-large
7891	Organization	xlm-roberta-large
155340	None	xlm-roberta-large
430072	None	xlm-roberta-large
172675	None	xlm-roberta-large
125198	None	xlm-roberta-large
53219	None	xlm-roberta-large
741755	None	xlm-roberta-large
527271	None	xlm-roberta-large
452267	None	xlm-roberta-large
760668	Society	xlm-roberta-large
618519	Organization	xlm-roberta-large
283486	None	xlm-roberta-large
896974	Individual	xlm-roberta-large
391677	Organization	xlm-roberta-large
520670	None	xlm-roberta-large
233592	Individual	xlm-roberta-large
755934	Community	xlm-roberta-large
384551	None	xlm-roberta-large
589893	None	xlm-roberta-large
286092	Individual	xlm-roberta-large
87617	Individual	xlm-roberta-large
110536	Individual	xlm-roberta-large
52958	None	xlm-roberta-large
458404	None	xlm-roberta-large
566519	Community	xlm-roberta-large
610780	None	xlm-roberta-large
209532	None	xlm-roberta-large
250419	Individual	xlm-roberta-large
195314	None	xlm-roberta-large
393437	Organization	xlm-roberta-large
205708	Organization	xlm-roberta-large
891127	None	xlm-roberta-large
805521	None	xlm-roberta-large
117548	None	xlm-roberta-large
246624	Individual	xlm-roberta-large
506244	None	xlm-roberta-large
509687	Individual	xlm-roberta-large
289677	None	xlm-roberta-large
335025	None	xlm-roberta-large
822377	Individual	xlm-roberta-large
527383	Individual	xlm-roberta-large
424353	Individual	xlm-roberta-large
194135	Individual	xlm-roberta-large
648640	None	xlm-roberta-large
9427	None	xlm-roberta-large
873869	Community	xlm-roberta-large
362074	None	xlm-roberta-large
576729	None	xlm-roberta-large
693527	None	xlm-roberta-large
322553	None	xlm-roberta-large
497543	None	xlm-roberta-large
682727	None	xlm-roberta-large
496534	None	xlm-roberta-large
547405	Individual	xlm-roberta-large
586467	None	xlm-roberta-large
109766	None	xlm-roberta-large
364975	Organization	xlm-roberta-large
652511	None	xlm-roberta-large
132343	None	xlm-roberta-large
927703	None	xlm-roberta-large
560305	None	xlm-roberta-large
710998	None	xlm-roberta-large
683040	None	xlm-roberta-large
242895	None	xlm-roberta-large
1933	Individual	xlm-roberta-large
486726	Community	xlm-roberta-large
666424	None	xlm-roberta-large
339870	Organization	xlm-roberta-large
4331	None	xlm-roberta-large
839398	None	xlm-roberta-large
382216	None	xlm-roberta-large
496082	None	xlm-roberta-large
684296	None	xlm-roberta-large
114508	Individual	xlm-roberta-large
736996	None	xlm-roberta-large
646381	Individual	xlm-roberta-large
262330	Individual	xlm-roberta-large
289463	Individual	xlm-roberta-large
622294	Organization	xlm-roberta-large
269050	Individual	xlm-roberta-large
630616	Organization	xlm-roberta-large
796750	None	xlm-roberta-large
256089	None	xlm-roberta-large
909380	None	xlm-roberta-large
778	None	xlm-roberta-large
812526	None	xlm-roberta-large
361081	None	xlm-roberta-large
397486	None	xlm-roberta-large
370000	Individual	xlm-roberta-large
424535	None	xlm-roberta-large
715610	None	xlm-roberta-large
109305	None	xlm-roberta-large
809961	None	xlm-roberta-large
93573	None	xlm-roberta-large
313102	None	xlm-roberta-large
595589	Individual	xlm-roberta-large
792217	Society	xlm-roberta-large
401393	Individual	xlm-roberta-large
642501	Organization	xlm-roberta-large
454025	Organization	xlm-roberta-large
425967	None	xlm-roberta-large
17514	Organization	xlm-roberta-large
173438	None	xlm-roberta-large
492943	None	xlm-roberta-large
432564	None	xlm-roberta-large
391327	None	xlm-roberta-large
683088	None	xlm-roberta-large
218139	Individual	xlm-roberta-large
39131	None	xlm-roberta-large
531057	None	xlm-roberta-large
315983	Community	xlm-roberta-large
41430	Community	xlm-roberta-large
523176	None	xlm-roberta-large
419632	Individual	xlm-roberta-large
914780	None	xlm-roberta-large
729474	Individual	xlm-roberta-large
419256	None	xlm-roberta-large
78729	None	xlm-roberta-large
500711	None	xlm-roberta-large
322905	Individual	xlm-roberta-large
268247	Organization	xlm-roberta-large
545088	None	xlm-roberta-large
652752	None	xlm-roberta-large
22670	None	xlm-roberta-large
719828	None	xlm-roberta-large
574934	None	xlm-roberta-large
566019	None	xlm-roberta-large
716179	None	xlm-roberta-large
10820	Organization	xlm-roberta-large
304434	None	xlm-roberta-large
870604	Community	xlm-roberta-large
761622	Organization	xlm-roberta-large
863110	None	xlm-roberta-large
147674	None	xlm-roberta-large
10812	None	xlm-roberta-large
312994	None	xlm-roberta-large
875401	None	xlm-roberta-large
734189	None	xlm-roberta-large
602118	Individual	xlm-roberta-large
65083	Society	xlm-roberta-large
892059	Society	xlm-roberta-large
463607	None	xlm-roberta-large
689129	None	xlm-roberta-large
650278	None	xlm-roberta-large
501371	Individual	xlm-roberta-large
739258	None	xlm-roberta-large
692520	None	xlm-roberta-large
508400	Community	xlm-roberta-large
20488	None	xlm-roberta-large
406730	None	xlm-roberta-large
436406	None	xlm-roberta-large
331150	None	xlm-roberta-large
120657	None	xlm-roberta-large
924173	None	xlm-roberta-large
105527	Community	xlm-roberta-large
745765	None	xlm-roberta-large
717745	None	xlm-roberta-large
726657	None	xlm-roberta-large
354360	None	xlm-roberta-large
46157	None	xlm-roberta-large
280837	None	xlm-roberta-large
189579	Organization	xlm-roberta-large
863341	None	xlm-roberta-large
427293	None	xlm-roberta-large
51238	Individual	xlm-roberta-large
258212	None	xlm-roberta-large
886930	None	xlm-roberta-large
570426	None	xlm-roberta-large
278931	None	xlm-roberta-large
510657	None	xlm-roberta-large
602789	Organization	xlm-roberta-large
866305	None	xlm-roberta-large
934049	None	xlm-roberta-large
146260	None	xlm-roberta-large
168131	None	xlm-roberta-large
710268	None	xlm-roberta-large
201234	Organization	xlm-roberta-large
137049	None	xlm-roberta-large
262717	Individual	xlm-roberta-large
220124	None	xlm-roberta-large
307806	Individual	xlm-roberta-large
605409	Individual	xlm-roberta-large
384402	None	xlm-roberta-large
697635	None	xlm-roberta-large
721472	Organization	xlm-roberta-large
791762	None	xlm-roberta-large
316652	None	xlm-roberta-large
887215	None	xlm-roberta-large
914909	None	xlm-roberta-large
685684	None	xlm-roberta-large
326738	None	xlm-roberta-large
841783	Individual	xlm-roberta-large
511643	Individual	xlm-roberta-large
40308	None	xlm-roberta-large
838584	None	xlm-roberta-large
746668	None	xlm-roberta-large
145613	Community	xlm-roberta-large
257366	None	xlm-roberta-large
706991	None	xlm-roberta-large
761545	None	xlm-roberta-large
314134	Community	xlm-roberta-large
742594	None	xlm-roberta-large
480467	None	xlm-roberta-large
166983	None	xlm-roberta-large
246851	None	xlm-roberta-large
509656	None	xlm-roberta-large
810103	None	xlm-roberta-large
306498	Community	xlm-roberta-large
458521	None	xlm-roberta-large
194553	None	xlm-roberta-large
577334	None	xlm-roberta-large
919153	None	xlm-roberta-large
323699	None	xlm-roberta-large
301853	None	xlm-roberta-large
272761	None	xlm-roberta-large
387996	Community	xlm-roberta-large
199317	Individual	xlm-roberta-large
843517	None	xlm-roberta-large
756751	None	xlm-roberta-large
802792	Community	xlm-roberta-large
4108	Individual	xlm-roberta-large
594826	Community	xlm-roberta-large
239590	Community	xlm-roberta-large
414415	Society	xlm-roberta-large
620296	Organization	xlm-roberta-large
843329	None	xlm-roberta-large
272703	None	xlm-roberta-large
96967	None	xlm-roberta-large
684514	None	xlm-roberta-large
363925	Individual	xlm-roberta-large
701831	Individual	xlm-roberta-large
570642	None	xlm-roberta-large
351163	None	xlm-roberta-large
544574	None	xlm-roberta-large
895025	None	xlm-roberta-large
140578	None	xlm-roberta-large
798880	Individual	xlm-roberta-large
658158	None	xlm-roberta-large
470670	None	xlm-roberta-large
491299	Individual	xlm-roberta-large
923599	None	xlm-roberta-large
699500	None	xlm-roberta-large
402499	None	xlm-roberta-large
882133	None	xlm-roberta-large
930565	None	xlm-roberta-large
179809	None	xlm-roberta-large
802404	None	xlm-roberta-large
134679	None	xlm-roberta-large
915608	None	xlm-roberta-large
789848	Community	xlm-roberta-large
186151	Individual	xlm-roberta-large
566111	Organization	xlm-roberta-large
712786	None	xlm-roberta-large
18233	None	xlm-roberta-large
448663	None	xlm-roberta-large
101726	Organization	xlm-roberta-large
137172	None	xlm-roberta-large
130592	None	xlm-roberta-large
289339	Community	xlm-roberta-large
268238	Organization	xlm-roberta-large
778844	None	xlm-roberta-large
619989	None	xlm-roberta-large
295113	None	xlm-roberta-large
510523	Society	xlm-roberta-large
874338	None	xlm-roberta-large
375992	None	xlm-roberta-large
143018	None	xlm-roberta-large
449384	None	xlm-roberta-large
668450	Individual	xlm-roberta-large
900460	Community	xlm-roberta-large
782027	Society	xlm-roberta-large
248320	None	xlm-roberta-large
903520	None	xlm-roberta-large
321366	None	xlm-roberta-large
53970	None	xlm-roberta-large
408408	None	xlm-roberta-large
825847	None	xlm-roberta-large
512939	Organization	xlm-roberta-large
757889	Individual	xlm-roberta-large
843487	None	xlm-roberta-large
312978	None	xlm-roberta-large
763921	None	xlm-roberta-large
570935	None	xlm-roberta-large
251505	None	xlm-roberta-large
226424	Organization	xlm-roberta-large
670694	None	xlm-roberta-large
823738	Organization	xlm-roberta-large
708856	None	xlm-roberta-large
692533	None	xlm-roberta-large
328000	None	xlm-roberta-large
821624	Society	xlm-roberta-large
888369	None	xlm-roberta-large
775464	None	xlm-roberta-large
378095	None	xlm-roberta-large
415921	Organization	xlm-roberta-large
317166	None	xlm-roberta-large
769119	None	xlm-roberta-large
281010	Organization	xlm-roberta-large
535819	None	xlm-roberta-large
479402	Organization	xlm-roberta-large
790291	None	xlm-roberta-large
779950	None	xlm-roberta-large
219128	None	xlm-roberta-large
152210	Community	xlm-roberta-large
116919	Individual	xlm-roberta-large
124279	None	xlm-roberta-large
148529	None	xlm-roberta-large
664652	Organization	xlm-roberta-large
695137	None	xlm-roberta-large
936459	Individual	xlm-roberta-large
175827	None	xlm-roberta-large
913351	None	xlm-roberta-large
643267	None	xlm-roberta-large
530943	None	xlm-roberta-large
46609	Individual	xlm-roberta-large
415153	Individual	xlm-roberta-large
436911	None	xlm-roberta-large
474833	Organization	xlm-roberta-large
17874	None	xlm-roberta-large
471347	None	xlm-roberta-large
213176	None	xlm-roberta-large
527476	Individual	xlm-roberta-large
815877	None	xlm-roberta-large
677021	None	xlm-roberta-large
240874	Organization	xlm-roberta-large
794742	Community	xlm-roberta-large
73385	Individual	xlm-roberta-large
303942	Individual	xlm-roberta-large
262531	None	xlm-roberta-large
469724	None	xlm-roberta-large
826071	Individual	xlm-roberta-large
876469	Community	xlm-roberta-large
572805	Individual	xlm-roberta-large
54874	Individual	xlm-roberta-large
593727	None	xlm-roberta-large
10377	None	xlm-roberta-large
682060	None	xlm-roberta-large
275312	Organization	xlm-roberta-large
692021	Organization	xlm-roberta-large
847734	Individual	xlm-roberta-large
94130	Individual	xlm-roberta-large
718967	None	xlm-roberta-large
763014	None	xlm-roberta-large
731570	Society	xlm-roberta-large
740982	None	xlm-roberta-large
866626	None	xlm-roberta-large
729076	Organization	xlm-roberta-large
895537	Individual	xlm-roberta-large
392555	Individual	xlm-roberta-large
250047	None	xlm-roberta-large
315945	None	xlm-roberta-large
707668	None	xlm-roberta-large
175422	None	xlm-roberta-large
26180	None	xlm-roberta-large
638766	None	xlm-roberta-large
728323	None	xlm-roberta-large
82810	Individual	xlm-roberta-large
282591	None	xlm-roberta-large
161178	Individual	xlm-roberta-large
740696	Individual	xlm-roberta-large
348504	None	xlm-roberta-large
845443	None	xlm-roberta-large
776466	None	xlm-roberta-large
849227	Individual	xlm-roberta-large
532697	Individual	xlm-roberta-large
861411	None	xlm-roberta-large
743242	None	xlm-roberta-large
